NIP;NAMA LENGKAP;25/02/2026;26/02/2026;27/02/2026;28/02/2026;01/03/2026;02/03/2026;03/03/2026;04/03/2026;05/03/2026;06/03/2026;07/03/2026;08/03/2026;09/03/2026;10/03/2026;11/03/2026;12/03/2026;13/03/2026;14/03/2026;15/03/2026;16/03/2026;17/03/2026;18/03/2026;19/03/2026;20/03/2026;21/03/2026;22/03/2026;23/03/2026;24/03/2026
9;EDI SUPARMAN;;;;;;;;;;;;;;;;;;;;;;;;CT;;;CT;
17;IBNU HAKIM;;;;;;;;;;;;;;;;;;;;;;;;CT;;;CT;CT
19;LAELA FARADILA PUTRI AMANDA;;CT;;;;;CT;;;;;;;;CT;CT;;;;;CT;;;CT;;;CT;CT
20;DWI SETYAWATI;;;;;;;;;;;;;;;;;CT;;;;;;;;;;;
23;DEWI NUR FAIYAH;;;;;;;;;;;;;;;;;;;;CT;;;;;;;;CT
24;MUHAMAD ARWANI;;;;;;;;;;;;;;;;;;;;;;;;;;;;
27;AZIZ SISWANTO;;;;;;;;;;;;;;;;;;;;;;;;CT;;;CT;
28;HANDIKA DENI SINTARA;;;;;;;;;;;;;;CT;;;;;;;;;;CT;;;CT;CT
29;ERAWAN PRAYUDA;SKT;SKT;SKT;SKT;;SKT;;;;;;;;;;;;;;;;;;CT;;;CT;
30;FATKUR ROHMAN;;;;;;;;;;;;;;;;;;;;;;;;;;;;
32;FANDI FABRIAN;;;;;;;;;;;;;;;;;;;;;;;;;;;CT;CT
34;JAIS;;;;;;;;;;;;;;;;;;;;;;;;CT;;;CT;
35;MIFTAHUDIN;;;;;;;;;;;;;;;;;;;;;CT;CT;;CT;;;CT;
36;SUYONO;;;;;;;;;;;;;;;;;;;;;;;;CT;;;CT;CT
38;HAFIS JOVAN AFANDA;;;;;;;;;;;;;;;;;;;;;;;;CT;;;;
40;ANDI SETIAWAN;;;;;;;;;;;;;;;;;;;;;;;;;;;;SKT
41;RIZKY PRADEVI UTAMI;;;;;;;;;CT;;;;;;;SKT;SKT;SKT;;;;;;CT;;;CT;
42;SANI NUR FAJRIYAH;;;;;;;;;;;;;;;;;;;;;;;;;;;;
43;GHOFAR ARIEF RIATMOKO;;;;;;;;;;;;;;;;;;;;;;;;CT;;;;
44;AGUS SETIAWAN;;;;;;;;CT;;;;;;;;;;;;;;;;;;;;
45;NINA;;;;;;;;;;;;;;SKT;SKT;;;;;;;;;CT;;;CT;
46;IHSAN YUMNA ANANTA;;;;;;;;;;;;;;;;;;;;;;;;CT;;;;
52;ENDANG PURNAMA SARI;;;;;;;;;;;;;;;;;;;;;CT;CT;;CT;;;CT;
55;HARIYANI PUJI ASTUTI;;;;;;;;;;;;;;;;;;;;;;;;CT;;;CT;
56;PUTRI TIKA FRIANDARI;;;;;;;;;;;;;;;;;;;;;;CT;;CT;;;CT;
57;SON HAJI;;;;;;;;;;;;;;;;;;;;;;;;;;;;
60;ASMANAH;;;;;;;;;;ITM;;;;;;;;;;;;;;CT;;;CT;
61;ONG KRISTIN;;;;;;;;;;;;;;;;;;;;; ;;;CT;;;CT;
63;CUT UMMI ROEHCEUDAH PUTRI;;;;;;;;;;;;;;;;;;;;;;;;;;;CT;
64;EKA WIDYASTUTIK;;;;;;;;;;;;;;;;;;;;;;;;;;;CT;
65;PUTRI WULANSARI;CTM;CTM;CTM;CTM;;;;;;;;;;;;;;;;;;;;CT;;;CT;
66;LAILA NUR ISNAINI;;;;;;;;;;;;;CT;;;;;;;;;;;CT;;;;
69;NURYAMTI;;;;;;;;;;;;;;;;;;;;;;;;;;;CT;
70;SRIYANI;;;;;;;;;;;;;;;;;;;;;;;;;;;CT;
71;ARIFATUN;;;;;;;;;;;;;;;;;;;;;;;;;;;CT;
72;NUR HAYATI;;;;;;;;;;;;;;;;;;;;;;;;;;;CT;
73;LEMBAZUN DIYAH WULANSARI;;;;;;;;;;;;;;;;;;;;;;;;;;;CT;
75;NOR INAYAH;;CT;;;;;;;;;;;;;;;;;;;;;;CT;;;;CT
76;FADLILATUN NUR LAELA;;;;;;;;;;;;;;;;;;;;;;;;CT;;;;CT
77;RIYADHUL MAIYAH;;;;;;;;;;;;;;;;;;;;;;;;;;;CT;
78;SITI ROKHANINGSIH;;;;;;;;;;;;;;;;;;;;;CT;;;CT;;;CT;
79;SITI NURCHAYATI;;;;;;;;;;;;;;;;;;;;;;;;CT;;;CT;
80;UMI KULSUM;;;;;;;;;;;;;;;;;;;;;;;;;;;CT;
81;SRI MARYATI;;;;;;;CT;;;;;;;;;;;;;;;;;CT;;;CT;
82;KHOMSATUN;;;;;;;;;;;;;;;;;;;;;;;;;;;CT;
83;TIA AMELIYANA PUTRI;;;;;;;;;;;;;;;;;;;;;;;;CT;;;CT;CT
87;ANDRI BARRIYANTO;;;;;;;;;;;;;;;;;;;;;;;;;;;CT;
88;IKA LINAWATI;;;;;;;;;;;;;;;;;;;;;;;;CT;;;CT;
89;TRI MARYANTI;;;;;;;;;;;;;;;;;;;;;;;;CT;;;CT;
90;FATKHI TIDAR PRAKOSO;;;;;;;;;;;;;;;;;;;;;;;;;;;;
91;SUYATI;;;;;;;;;;;;;;;;;;;;;;;;;;;CT;
93;ISTIKOMAH;;;;;;;;;;;;;;;;;;;;;;;;CT;;;CT;
95;MUHAMAD IKHSAN SOFIWULLOH;;;;;;;;;;;;;;;;;;;;;;;;ITM;;;ITM;
96;NOGIX PRASTIKASARI;;;;;;;;;;;;;;;;;;;;;;;;CT;;;CT;CT
97;AGUS PRIYONO;;;;;;;;;;;;;;;;;;;;;;;;CT;;;CT;
98;ALI SAFI'I MUSHUDIANTO;;;;;;;;;;;;;;;;;;;;;;;;CT;;;;
99;CHOLID MAWARDI;;;;;;;;;;;;;;;;;;;;;;;;CT;;;;
100;MOHAMAD BAEDOWI;;;;;;;;;;;;;;;;;;;;;;;;;;;CT;
101;SODIQ ANWAR;;;;;;;;;;;;;;;;;;;;SKT;;;;;;;CT;CT
103;SURYADI;;;;;;;;;;;;;;;;;;;;;;;;CT;;;CT;
104;AFRIDA RISKI DEWI;;;;;;;;;;;;;;;;;;;;;;;;CT;;;;
105;RENDY PERDANA KUSUMA;;;;;;;;;;;;;;;;CT;;;;;;;;;;;CT;
106;RIAN CAHYA;;;;;;;SKT;;;;;;;;;;;;;;;;;;;;CT;CT
107;KHALIS;;;;;;;;;;;;;;;;;;;;;;;;;;;CT;
108;ANANG SETIYAWAN;;;;;;;;;;;;;;;;;;;;;;;;;;;CT;
110;YANGKI FAINAL;;;;;;SKT;;;;;;;;;;;;;;CT;;;;;;;CT;
111;ROKIM SETIYADI;;;;;;;;;;;;;;;;;;;;;;;;CT;;;CT;
114;CHANDRA DWI SETIAWAN;;;;;;;;;;;;;;;;;;;;;;;;;;;CT;
115;YUSEP DWI ANTORO;;;;;;;;;;;;;;;;;;;;;;;;;;;CT;
116;SANDY PRASTYO;;;;;;;;;;;;;;;;;;;;;;;;CT;;;;
118;MUHAMAD;;;;;;;;;;;;;;;;;;;;;;;;;;;CT;CT
119;KIKI ANDRIYANI;;;;;;;;;;;;;;;;;;;;SKT;;;;CT;;;;
120;MIFTAHUDIN WAHID;;;;;;;;;;;;;;;;;;;;;;;;;;;CT;
121;AKHMAD MUJIBUL IKHSAN;;;;;;;;;;;;;;;;;;;;;;;;;;;CT;CT
123;TRI YUANA;SKT;;;;;;;;;;;;;SKT;;;;;;;;;;CT;;;CT;CT
125;MOHAMMAD NUR MUCHAROM;;;;;;;;;;;;;SKT;;;;;;;;;;;CT;;;CT;CT
127;WISNU BAGAS SAPUTRA;;;;;;;;;;;;;;;;;;;;;;;;;;;CT;CT
128;SEPTI ENY;;;;;;;;;;;;;;;;;;;;;;;;;;;CT;
130;ELENA NOVI ARTANIA;;;;;;;;;;;;;;;;;;;;;;;;CT;;;;
131;SRI HANDAYANI;;;;;;;;;;;;;;;;;;;;;;;;CT;;;CT;
132;DWI SETIYANI;;;;;;;;;;;;;;;;;;;;;;;;;;;CT;CT
133;PANGGIH RAHAYU SLAMET;;;;;;;;;;;;;;;;;;;;;;;;CT;;;CT;
134;MIFTHAKUL DANNISA;;;;;;;;;;;;;;;;;;;;;;;;CT;;;;CT
135;SRIYANI (2);;;;;;;;;;;;;;;;;;;;;;;;CT;;;CT;
136;ADITYA RENDA AFIANTO;;;;;;;;;;;;;;;;;;;;;;CT;;;;;CT;
137;NOVIANTO;;;;;;;;;;;;;;;;;;;;;;;;CT;;;;
138;BAYU SETIYAWAN;;;;;;;;;;;;;;;;;;;;;;;;CT;;;CT;
139;DWI RETNO PRASTYO;;;;;;;;;;;;;;;;;;;;;;;;CT;;;CT;
141;JIWO RAIHAN INSYAFANI;;;;;;;;;;;;;;;;;;;;;;;;;;;;
142;SRI SAFITRI;;;;;;;;;;;;;;;;;;;;;;;;CT;;;CT;
144;MUSDIANTO;;;;;;;;;;;;;;;;;;;;;;;;;;;;
145;CICI SRIYANTI;;;;;;;;;;;;;;;;;;;;;;;;;;;CT;
146;YOHANES PRAYITNO;;;;;;;;;;;;;;;;;;;;;;;;CT;;;CT;
147;EKO HERMANTO;;;CT;;;;;;;;;;;;;;SKT;;;;;;;CT;;;;
149;FAIZAL EKA PRABOWO;;;;;;;;;;;;;;;;;;;;;;;;;;;CT;
152;DEWI SULISTYOWATI;;;;;;;;;;;;;;;;;;;;;;;;;;;CT;
153;ROI KUSUMAWATI;;;;;;;;;;;;;;;;;;;;;;;;CT;;;;
154;IRMA KHOLIFAH;;;;;;;;;;;;;;;;;;;;;;;;CT;;;;CT
155;DEVIANA PUTRI RAHAYU;;;;;;;;;;;;;;;;;;;;;;;;CT;;;CT;
160;HARTANTO;SKT;;;;;;;;;;;;;;;;;;;;;;;;;;ITM;
162;ROHMIYATI;;;;;;;;;;;;;;;;;;;;;;;;CT;;;;
163;MUHAMMAD NURHARTANTO;;;;;;;;;;;;;;;;;;;;;;;;;;;;
164;DIAN SAFITRI;;;;;;;;;;;;;;;;;;;;;;;;;;;CT;
165;TRI SUMARTININGSIH;ITM;;;;;;;;;;;;;;;;;;;;;;;CT;;;CT;
167;WISMA EDHUM KINASIH;;;;;;;;;;;;;;;;;;;;;;;;ITM;;;ITM;
168;BAGAS AGIL CAHYONO;;;;;;;;;;;;;;;;;;;;CT;;;;;;;CT;
169;DHIMAS BAYU NUGROHO;;;;;;;;;;;;;;;;CT;;;;;;;;CT;;;CT;
171;IIS SUGIHARTI;;;;;;;;;;;;;;;;;;;;;;;;CT;;;CT;CT
172;NOVI FIDHOTUL NIKMAH;;;;;;;;;;;;;;;;;;;;;;;;CT;;;CT;
174;LEGIMAN ANDI PRIONO;;;;;;;;;;;;;;;;;;;;;;;;;;;CT;
176;MOCHAMMAD ERLANGGA ADI SAPUTRA;;;;;;SKT;;;;;;;;;;;;;;;;;;CT;;;CT;
178;MU'TIL FALLAH;;;;;;;;;;;;;;SKT;;;;;;;;;;CT;;;CT;
181;DENI WALOYO;;;;;;;;;;;;;;;;;;;;;;;;CT;;;;
183;TOMI SURYA PANGESTU;;;;;;;;;;;;;;;;;;;;;;;;CT;;;;CT
184;KAVINDRA BAGUS DAMARJATI;;;;;;;;;;;;;;;;;;CT;CT;;;;;;;;CT;
186;ARISKA NOVIYANTI;;;;;;CT;CT;;;;;;;;;;;;;;;;;;;;CT;
187;MARDLIYAH;;;;;;;;;;;;;;;;;;;;;;;;CT;;;CT;
188;MUSTHAFA ARIF ALMANFALUTHI;;;;;;;;;;;;;;;;;;;;;;SKT;;CT;;;;
189;ARIF BIMANTARA;;;;;;;;;;;;;;;;;;;;;;;;CT;;;;
191;TITIS ULYA DARA ZAHRA;;;;;;;;;;;;;;;;;;;;;;;;CT;;;;
192;LINA TUL QORIAH;;;;;;;;;;;;;;;;;;;;;;;;;;;ITM;
193;WIKDARYANTI;;;;;;;;;;;;;SKT;;;;;;;CKM;CKM;ITM;;ITM;;;ITM;
194;ZIMMA OLLIGA MUKTI YUSWAN DANI;;;;;;;;;;;;;;;;;;;;;;;;;;;CT;CT
195;NUR HIDAYAT FADHILA;;;;;;;;;;;;;;;;;;;;;;;;CT;;;CT;
196;YOGA ANDRE SAPUTRA;;;;;;;;;;;;;;;;SKT;;;;;;CT;;OUT;;;OUT;OUT
198;LAILI LUTFIYAH;;;;;;;;;;;;;;;;;;;;;;;;CT;;;;
200;AMBARWATI;;;;;;;;;;;;;;;;;;;;;;;;CT;;;CT;
202;YENI DWI SAPUTRI;;;;;;;;;;;;;;;;;;;;;;;;;;;CT;
203;SUTRI MUJIATI;;;;;;;;;;;;;;;;;;;;;;;;ITM;;;ITM;
205;ADAM BAYU ARYA WARDANA;;;;;;;;;;;;;;;;;;;;;;;;;;;ITM;
207;PRENCI PINALDI;;;;;;;;;;;;;;;;;;;;;;;;CT;;;CT;
211;KHOIRUNNISHA ARINI OVI MAYANGSASI;;;;;;;SKT;;;;SKT;;;;;;;;;;;;;CT;;;CT;
212;CHUROTUL A'AYUN;;;;;;;;;;;;;;;;;;;;;;;;CT;;;;
219;WAGIYEM;;;;;;;;;;;;;;;;;;;;;;;;;;;CT;
226;ESTY NUR HARTATY HT;;;;;;;;;;;;;;;;;;;;;;;;;;;CT;
236;ISTIQOMAH (2);;;;;;;;;;;;;;;;;;;;;;;;CT;;;;
245;EVIANA;;;;;;;;;;;;;;;;;;;;;;;;ITM;;;ITM;
248;RIO ANDRE LIM;;;;;;;;;;;;;;;;;;;;;;;;CT;;;CT;CT
249;KARIDA KESUMA DILATRI;;;;;;;;;;;;;;;;;;;;;;;;CT;;;CT;
250;MARETA RINDI ARDANA;;;;;;;;;;;;;;;;;;;;;;;;;;;CT;CT
253;DIAN SULISTYO;;;;;;;;;;;;;;;;;;;;;;;;CT;;;CT;
255;RINA ANJASARI;;;;;;;;;;;;;;;;;;;;;;;;CT;;;;
256;ISWATI;;;;;;;;;;;;;;;;;;;;;;;;CT;;;CT;
258;LUTFI KHAMIDATUL KHOIRIYAH;;;;;;;;;;;;;;;;;;;;;;;;CT;;;;CT
260;MARDLIYAH (1);;;;;;;;;;;;;;;;;;;;;;;;CT;;;CT;
276;BRIAN GIOVAN;;;;;;;;;;;;;;;;;CT;;;;;;;CT;;;;
278;WAHYU CANDRA SETIYA;ALFA;;;;;OUT;;;;;;;;;;;;;;;;;;;;;;
283;TRI TEGUH PAMBUDI;;;;;;;;;;;;;;;;;;;;;;;;CT;;;CT;
286;NUR AKMALIA;;;;;;;;;;;;;;;;;;;;;;;;CT;;;;
288;JOKO SUSILO;;;;;;;;;;;;;;;;;;;;;;;;;;;;
294;muhammad fauzi mustaqiim;;;;;;;;;;;;;ITM;;;;;;;;;;;CT;;;CT;
299;ASNA NUR AINI;;;;;;;;;;;;;;;;;;SKT;;;;;;CT;;;CT;
300;ILHAM WAHYU SYAHPUTRA;;;;;;;;;;;;;;;;;;;;;;;;CT;;;;
303;RIZKI MAULANA;;;;;;;;;;;;;;;;;;SKT;;;;;;CT;;;CT;CT
307;ANANG CAHYONO PUTRO;;;;;;;;;;;;;;;;;;;;;;;;CT;;;;CT
308;ROBERTUS IMANUEL ALFANDO;;;;;;;;;;;;;;;;;;;;;;;;CT;;;CT;
312;YOYOK PRASETIYO;;;;;;;;;;;;;;;;;;;;;;;;;;;;
316;SEPTA ARYA WARDANA;;;;;;;;;;;;;;;;;;;;;;;;CT;;;;
317;FENY SUSANTI;;;;;;;;;;;;;;;;;;;;;;;;CT;;;;
321;DINA MUTMAINAH;;;;;;;;;;;;;;;;;;;;;;;;CT;;;CT;
322;SETIA ROSI ARGANA;;;;;;;;;;;;;;;;;SKT;SKT;;;;;;CT;;;CT;CT
325;HERU TEGAR KURNIAWAN;;;;;;;;;;;;;;;;;;;;;;;;CT;;;CT;
334;DWI ASTUTI;;;;;;;;;;;;;;;;;;;;;;;;CT;;;CT;CT
337;DIANA AYU LESTARI;;;;;;;;;;;;;;;;;;;;;;;;CT;;;CT;
338;MARIYANA;;;SKT;;;;;;;;;;;;;;;;;;;;;CT;;;;
339;TITIS HERAWATI;;;;;;;;;;;;;;;;;;;;;;;;CT;;;CT;
340;ADIK ENANG NUGROHO;;;;;;;;;;;;;;;;;;;;;;;;CT;;;CT;
342;ZUNARSIH;;;;;;;;;;;;;;;;;;;;;;;;CT;;;CT;CT
344;RIFANI;;;;;;;;;;;;;;;;;;;;;;;;;;;CT;
345;DIAN WAHYU TRIANINGSIH;;;;;;;;;;;;;;;;;;;;;;;;;;;CT;CT
347;YOLANDA ARVIANI;SKT;;;;;;;;;;;;;;;;;;;;;;;CT;;;;
349;WAHYU FITRI ENDIKA;;;;;;;;;;;;;;;;;;;;;;;;;;;CT;
352;MUHAMMAD RAFI EFENDI;;;;ITM;;;;;;;;;;;;;;;;;;;;ITM;;;ITM;ITM
353;BAYU OKTYANTO PURNOMO;;;;;;;;;;;;;;;;;;;;;;;;ITM;;;;
361;CHOIRUR UMAM;;;;;;;;;;;;;;;;;;;;;;;;ITM;;;ITM;
365;SUPRIHATIN;;;;;;;;;;;;;;;;;;;;;;;;ITM;;;;
368;KEYZIA BUNGA AMARA;;;;;;;;;;;;;;;;;;;;;;;;ITM;;;ITM;
370;VAUZIDAN DODY ALFAYED;;;;;;;;;;;;;;;;;;;;;;;;ITM;;;ITM;
371;ADITYA RIZKI MUSTHOFA;;;;;;;;;;;;;;;;;;;;;;;;ITM;;;ITM;
372;UMI SRIWILUJENG;;;;;;;;;;;;;;;;;;;;;;;;;;;ITM;
373;NASYWA REFANAILA SANI;;;;;;;;;;;;;;;;;;;;;;;;ITM;;;ITM;
374;AILA RAHMA DAVIQ;;;;;;SKT;SKT;;;;;;;;;;;;;SKT;;;;ITM;;;ITM;
379;SITI HARTIYAH;;;;;;;;;;;;;;;;;;;;;;;;ITM;;;ITM;
380;SOVIAH;;;;;;;;;;;;;;;;;;;;;;;;;;;ITM;
381;AL MUADI;;;;;;;;;;;;;;;;;;;;;;;;;;;ITM;
382;MARYANI;;;;;;;ITM;ITM;;;;;;;;;;SKT;;;;ITM;;ITM;;;ITM;
383;SITI WULANDARI;;;;;;;;;;;;;;;;;;;;;;;;ITM;;;ITM;
384;RAPHAEL NICO FERDIAN;;;;;;SKT;;;;;;;ITM;;;;;;;;;;;ITM;;;ITM;
385;NAYSELLA MIFTAKHUZZILVANA;;;;;;;;;;;ITM;ITM;;;;;;;;;;ITM;;ITM;;;ITM;ITM
386;RAFLI MARSHA PRATAMA;;;;;;;;;;;;;;;;;;;;;;;;ITM;;;ITM;
387;ANJAR JATI WALUYO;;;;;;;;;;;;;;;;;;;;;;;;ITM;;;ITM;ITM
388;FITRIA AGUSTINA;;;;;;;;;SKT;;;;;;;;;;;;;;;;;;ITM;
389;TASIA NINGSIH;;;;;;SKT;;;;;;;;;;;SKT;SKT;;;;;;ITM;;;ITM;ITM
392;ENI TRISNAWATI;;;;;;;;;;;;;SKT;;;;;;;SKT;;;;ITM;;;ITM;
393;SAPTO YOGA PRATOMO;;;;;;;;;;;;;;;;;;;;;;;;ITM;;;ITM;
394;IKA SUSANTI;;;;;;;;;;;;;;;;;;;;;;;;ITM;;;ITM;
395;MUHAMMAD IRGI FERDIYAN;;;;;;;;;;;;;;;;;;;;;;;;ITM;;;ITM;
396;IDA ROYANI;-;;;;;;;;;;;;;;;;;;;;;;;ITM;;;ITM;
397;KHOIRIL ANHAR;-;;;;;;;;;;;;;;;;;;;;;;;ITM;;;ITM;
424;NOVI ISTIANI;;;;;;;;;;;;;;;;;;;;;IPA;;;CT;;;CT;
